<i>
  <i image="walk1_0.png" delay="180" x="-27" y="-70"/>
  <i image="walk1_1.png" delay="180" x="-27" y="-70"/>
  <i image="walk1_2.png" delay="180" x="-27" y="-70"/>
  <i image="walk1_3.png" delay="180" x="-27" y="-70"/>
  <i image="walk2_0.png" delay="180" x="-27" y="-70"/>
  <i image="walk2_1.png" delay="180" x="-27" y="-70"/>
  <i image="walk2_2.png" delay="180" x="-27" y="-70"/>
  <i image="walk2_3.png" delay="180" x="-27" y="-70"/>
  <i image="stand1_0.png" delay="500" x="-27" y="-70"/>
  <i image="stand1_1.png" delay="500" x="-27" y="-70"/>
  <i image="stand1_2.png" delay="500" x="-27" y="-70"/>
  <i image="stand1_3.png" delay="500" x="-27" y="-70"/>
  <i image="stand1_4.png" delay="500" x="-27" y="-70"/>
  <i image="stand2_0.png" delay="500" x="-27" y="-70"/>
  <i image="stand2_1.png" delay="500" x="-27" y="-70"/>
  <i image="stand2_2.png" delay="500" x="-27" y="-70"/>
  <i image="stand2_3.png" delay="500" x="-27" y="-70"/>
  <i image="stand2_4.png" delay="500" x="-27" y="-70"/>
  <i image="alert_0.png" delay="500" x="-143" y="-69"/>
  <i image="alert_1.png" delay="500" x="-143" y="-69"/>
  <i image="alert_2.png" delay="500" x="-143" y="-69"/>
  <i image="alert_3.png" delay="500" x="-143" y="-69"/>
  <i image="alert_4.png" delay="500" x="-143" y="-69"/>
  <i image="swingT2_0.png" delay="300" x="-86" y="-117"/>
  <i image="swingT2_1.png" delay="150" x="-86" y="-117"/>
  <i image="swingT2_2.png" delay="350" x="-86" y="-117"/>
  <i image="swingP1_0.png" delay="300" x="-110" y="-112"/>
  <i image="swingP1_1.png" delay="150" x="-110" y="-112"/>
  <i image="swingP1_2.png" delay="350" x="-110" y="-112"/>
  <i image="swingP2_0.png" delay="300" x="-104" y="-121"/>
  <i image="swingP2_1.png" delay="150" x="-104" y="-121"/>
  <i image="swingP2_2.png" delay="350" x="-104" y="-121"/>
  <i image="swingPF_0.png" delay="100" x="-129" y="-112"/>
  <i image="swingPF_1.png" delay="200" x="-129" y="-112"/>
  <i image="swingPF_2.png" delay="200" x="-129" y="-112"/>
  <i image="swingPF_3.png" delay="200" x="-129" y="-112"/>
  <i image="stabT1_0.png" delay="300" x="-117" y="-66"/>
  <i image="stabT1_1.png" delay="100" x="-117" y="-66"/>
  <i image="stabT1_2.png" delay="350" x="-117" y="-66"/>
  <i image="stabT2_0.png" delay="300" x="-97" y="-87"/>
  <i image="stabT2_1.png" delay="100" x="-97" y="-87"/>
  <i image="stabT2_2.png" delay="350" x="-97" y="-87"/>
  <i image="stabTF_0.png" delay="100" x="-117" y="-96"/>
  <i image="stabTF_1.png" delay="200" x="-117" y="-96"/>
  <i image="stabTF_2.png" delay="200" x="-117" y="-96"/>
  <i image="stabTF_3.png" delay="200" x="-117" y="-96"/>
  <i image="proneStab_0.png" delay="300" x="-117" y="-43"/>
  <i image="proneStab_1.png" delay="400" x="-117" y="-43"/>
  <i image="prone_0.png" delay="100" x="-104" y="-42"/>
  <i image="fly_0.png" delay="300" x="-27" y="-95"/>
  <i image="fly_1.png" delay="300" x="-27" y="-95"/>
  <i image="jump_0.png" delay="200" x="-27" y="-82"/>
  <i image="sit_0.png" delay="100" x="-24" y="-66"/>
  <i image="ladder_0.png" delay="250" x="-20" y="-69"/>
  <i image="ladder_1.png" delay="250" x="-20" y="-69"/>
  <i image="rope_0.png" delay="250" x="-18" y="-72"/>
  <i image="rope_1.png" delay="250" x="-18" y="-72"/>
</i>