<i>
  <i image="0_0.png" delay="150" x="-78" y="-240"/>
  <i image="0_1.png" delay="150" x="-78" y="-240"/>
  <i image="0_2.png" delay="150" x="-78" y="-240"/>
  <i image="0_3.png" delay="180" x="-78" y="-240"/>
  <i image="0_4.png" delay="240" x="-78" y="-240"/>
  <i image="0_5.png" delay="180" x="-78" y="-240"/>
  <i image="0_6.png" delay="150" x="-78" y="-240"/>
  <i image="0_7.png" delay="150" x="-78" y="-240"/>
  <i image="0_8.png" delay="150" x="-78" y="-240"/>
  <i image="0_9.png" delay="150" x="-78" y="-240"/>
  <i image="0_10.png" delay="150" x="-78" y="-240"/>
  <i image="0_11.png" delay="150" x="-78" y="-240"/>
  <i image="0_12.png" delay="150" x="-78" y="-240"/>
  <i image="0_13.png" delay="150" x="-78" y="-240"/>
  <i image="0_14.png" delay="150" x="-78" y="-240"/>
</i>