<i>
  <i image="walk1_0.png" delay="180" x="-38" y="-70"/>
  <i image="walk1_1.png" delay="180" x="-38" y="-70"/>
  <i image="walk1_2.png" delay="180" x="-38" y="-70"/>
  <i image="walk1_3.png" delay="180" x="-38" y="-70"/>
  <i image="stand1_0.png" delay="500" x="-33" y="-70"/>
  <i image="stand1_1.png" delay="500" x="-33" y="-70"/>
  <i image="stand1_2.png" delay="500" x="-33" y="-70"/>
  <i image="stand1_3.png" delay="500" x="-33" y="-70"/>
  <i image="stand1_4.png" delay="500" x="-33" y="-70"/>
  <i image="alert_0.png" delay="500" x="-35" y="-69"/>
  <i image="alert_1.png" delay="500" x="-35" y="-69"/>
  <i image="alert_2.png" delay="500" x="-35" y="-69"/>
  <i image="alert_3.png" delay="500" x="-35" y="-69"/>
  <i image="alert_4.png" delay="500" x="-35" y="-69"/>
  <i image="swingO1_0.png" delay="300" x="-59" y="-69"/>
  <i image="swingO1_1.png" delay="150" x="-59" y="-69"/>
  <i image="swingO1_2.png" delay="350" x="-59" y="-69"/>
  <i image="swingO2_0.png" delay="300" x="-43" y="-70"/>
  <i image="swingO2_1.png" delay="150" x="-43" y="-70"/>
  <i image="swingO2_2.png" delay="350" x="-43" y="-70"/>
  <i image="swingO3_0.png" delay="300" x="-81" y="-66"/>
  <i image="swingO3_1.png" delay="150" x="-81" y="-66"/>
  <i image="swingO3_2.png" delay="350" x="-81" y="-66"/>
  <i image="swingOF_0.png" delay="200" x="-74" y="-80"/>
  <i image="swingOF_1.png" delay="100" x="-74" y="-80"/>
  <i image="swingOF_2.png" delay="100" x="-74" y="-80"/>
  <i image="swingOF_3.png" delay="300" x="-74" y="-80"/>
  <i image="stabO1_0.png" delay="350" x="-78" y="-67"/>
  <i image="stabO1_1.png" delay="450" x="-78" y="-67"/>
  <i image="stabO2_0.png" delay="350" x="-77" y="-70"/>
  <i image="stabO2_1.png" delay="450" x="-77" y="-70"/>
  <i image="stabOF_0.png" delay="250" x="-103" y="-68"/>
  <i image="stabOF_1.png" delay="150" x="-103" y="-68"/>
  <i image="stabOF_2.png" delay="300" x="-103" y="-68"/>
  <i image="proneStab_0.png" delay="300" x="-70" y="-42"/>
  <i image="proneStab_1.png" delay="400" x="-70" y="-42"/>
  <i image="prone_0.png" delay="100" x="-60" y="-42"/>
  <i image="heal_0.png" delay="300" x="-35" y="-70"/>
  <i image="heal_1.png" delay="150" x="-35" y="-70"/>
  <i image="heal_2.png" delay="350" x="-35" y="-70"/>
  <i image="fly_0.png" delay="300" x="-28" y="-75"/>
  <i image="fly_1.png" delay="300" x="-28" y="-75"/>
  <i image="jump_0.png" delay="200" x="-28" y="-68"/>
  <i image="ladder_0.png" delay="250" x="-21" y="-68"/>
  <i image="ladder_1.png" delay="250" x="-21" y="-68"/>
  <i image="rope_0.png" delay="250" x="-19" y="-71"/>
  <i image="rope_1.png" delay="250" x="-19" y="-71"/>
  <i image="sit_0.png" delay="100" x="-23" y="-66"/>
</i>