<i>
  <i image="stand_0.png" delay="80" x="-17" y="-51"/>
  <i image="stand_1.png" delay="80" x="-17" y="-51"/>
  <i image="stand_2.png" delay="80" x="-17" y="-51"/>
  <i image="attack1.info.hit_0.png" delay="70" x="-50" y="-53"/>
  <i image="attack1.info.hit_1.png" delay="300" x="-50" y="-53"/>
  <i image="attack1_0.png" delay="80" x="-150" y="-179"/>
  <i image="attack1_1.png" delay="80" x="-150" y="-179"/>
  <i image="attack1_2.png" delay="80" x="-150" y="-179"/>
  <i image="attack1_3.png" delay="80" x="-150" y="-179"/>
  <i image="attack1_4.png" delay="80" x="-150" y="-179"/>
  <i image="attack1_5.png" delay="80" x="-150" y="-179"/>
  <i image="attack1_6.png" delay="80" x="-150" y="-179"/>
  <i image="attack1_7.png" delay="80" x="-150" y="-179"/>
  <i image="attack1_8.png" delay="80" x="-150" y="-179"/>
  <i image="attack1_9.png" delay="80" x="-150" y="-179"/>
  <i image="attack1_10.png" delay="80" x="-150" y="-179"/>
  <i image="attack1_11.png" delay="80" x="-150" y="-179"/>
  <i image="attack1_12.png" delay="80" x="-150" y="-179"/>
  <i image="attack1_13.png" delay="100" x="-150" y="-179"/>
  <i image="attack1_14.png" delay="100" x="-150" y="-179"/>
  <i image="attack1_15.png" delay="100" x="-150" y="-179"/>
  <i image="hit1_0.png" delay="100" x="-17" y="-50"/>
  <i image="die1_0.png" delay="100" x="-145" y="-156"/>
  <i image="die1_1.png" delay="100" x="-145" y="-156"/>
  <i image="die1_2.png" delay="100" x="-145" y="-156"/>
</i>